test_num	test_date	gen_tps	ttft	ttft_unit	prompt_tps	localscore	model_name	model_quant	model_params	model_params_unit	accel_name	accel_type	accel_ram	accel_ram_unit	system_cpu	system_ram	system_ram_unit	system_os
938	2025.05.24 01:41	138	146	ms	8479	2000	Meta Llama 3.1 8B Instruct	Q4_K - Medium	8000	M	NVIDIA RTX PRO 6000 Blackwell Workstation Edition	GPU	95	GB	AMD Ryzen Threadripper 3970X 32-Core Processor (znver2)	125.6	GB	Linux
170	2025.03.30 20:09	106	161	ms	8441	1772	Meta Llama 3.1 8B Instruct	Q4_K - Medium	8000	M	NVIDIA GeForce RTX 5090	GPU	31	GB	AMD Ryzen 9 3900X 12-Core Processor (znver2)	125.7	GB	Linux
532	2025.04.07 21:30	103	180	ms	7398	1617	Meta Llama 3.1 8B Instruct	Q4_K - Medium	8000	M	NVIDIA GeForce RTX 4090	GPU	24	GB	13th Gen Intel Core i7-13700K (alderlake)	63.8	GB	Windows
630	2025.04.09 07:28	84.2	189	ms	7015	1461	Meta Llama 3.1 8B Instruct	Q4_K - Medium	8000	M	NVIDIA GeForce RTX 4090	GPU	24	GB	AMD Ryzen 9 3900X 12-Core Processor (znver2)	31.9	GB	Windows
682	2025.04.10 19:37	121	199	ms	6808	1605	Meta Llama 3.1 8B Instruct	Q4_K - Medium	8000	M	NVIDIA RTX 6000 Ada Generation	GPU	47	GB	AMD Ryzen Threadripper PRO 5975WX 32-Cores (znver3)	503.5	GB	Linux
146	2025.03.28 22:22	122	190	ms	6657	1625	Meta Llama 3.1 8B Instruct	Q4_K - Medium	8000	M	NVIDIA GeForce RTX 4090	GPU	24	GB	AMD EPYC 7B13 64-Core Processor (znver3)	2003.9	GB	Linux
156	2025.03.28 23:02	43.2	207	ms	6307	1096	Meta Llama 3.1 8B Instruct	Q4_K - Medium	8000	M	NVIDIA GeForce RTX 5090	GPU	31	GB	AMD EPYC 9554 64-Core Processor (znver4)	377.4	GB	Linux
80	2025.03.28 21:15	58.3	229	ms	5925	1148	Meta Llama 3.1 8B Instruct	Q4_K - Medium	8000	M	NVIDIA GeForce RTX 4090	GPU	24	GB	AMD Ryzen 9 7950X 16-Core Processor (znver4)	125	GB	Linux
90	2025.03.28 21:24	51.3	252	ms	5487	1038	Meta Llama 3.1 8B Instruct	Q4_K - Medium	8000	M	NVIDIA RTX 6000 Ada Generation	GPU	48	GB	AMD EPYC 9354 32-Core Processor (znver4)	755.5	GB	Linux
88	2025.03.28 21:23	45.9	262	ms	5328	977	Meta Llama 3.1 8B Instruct	Q4_K - Medium	8000	M	NVIDIA L40S	GPU	45	GB	AMD EPYC 9354 32-Core Processor (znver4)	755.6	GB	Linux
71	2025.03.28 21:04	120	236	ms	5202	1382	Meta Llama 3.1 8B Instruct	Q4_K - Medium	8000	M	NVIDIA H100 PCIe	GPU	79	GB	Intel Xeon Platinum 8352Y CPU @ 2.20GHz (icelake-server)	2015.5	GB	Linux
85	2025.03.28 21:20	45.1	274	ms	5065	941	Meta Llama 3.1 8B Instruct	Q4_K - Medium	8000	M	NVIDIA L40	GPU	44	GB	AMD EPYC 9354 32-Core Processor (znver4)	755.6	GB	Linux
519	2025.04.07 20:03	90.1	274	ms	4789	1164	Meta Llama 3.1 8B Instruct	Q4_K - Medium	8000	M	NVIDIA GeForce RTX 4080	GPU	16	GB	Intel Core i5-14600K (alderlake)	63.8	GB	Windows
92	2025.03.28 21:26	42.4	263	ms	4687	911	Meta Llama 3.1 8B Instruct	Q4_K - Medium	8000	M	NVIDIA H100 80GB HBM3	GPU	79	GB	Intel Xeon Platinum 8470 (sapphirerapids)	1007.3	GB	Linux
1183	2025.07.06 16:07	45.8	282	ms	4682	912	Meta Llama 3.1 8B Instruct	Q4_K - Medium	8000	M	NVIDIA GeForce RTX 5090	GPU	31	GB	AMD Ryzen 9 9950X3D 16-Core Processor	62.3	GB	Linux
144	2025.03.28 22:21	94.5	291	ms	4546	1139	Meta Llama 3.1 8B Instruct	Q4_K - Medium	8000	M	NVIDIA GeForce RTX 4070 Ti SUPER	GPU	16	GB	AMD EPYC 7352 24-Core Processor (znver2)	125.7	GB	Linux
104	2025.03.28 21:41	54.4	301	ms	4461	931	Meta Llama 3.1 8B Instruct	Q4_K - Medium	8000	M	NVIDIA GeForce RTX 4080 SUPER	GPU	16	GB	AMD Ryzen 5 7600 6-Core Processor (znver4)	30.6	GB	Linux
489	2025.04.07 11:17	44.9	289	ms	4428	883	Meta Llama 3.1 8B Instruct	Q4_K - Medium	8000	M	NVIDIA GeForce RTX 5080	GPU	15	GB	AMD Ryzen 9 9950X3D 16-Core Processor	60.4	GB	Linux
169	2025.03.30 20:08	79.8	315	ms	4323	1031	Meta Llama 3.1 8B Instruct	Q4_K - Medium	8000	M	NVIDIA GeForce RTX 5070 Ti	GPU	15	GB	Intel Core i5-14600KF (alderlake)	62.6	GB	Linux
81	2025.03.28 21:15	37.1	289	ms	4299	820	Meta Llama 3.1 8B Instruct	Q4_K - Medium	8000	M	NVIDIA H100 NVL	GPU	93	GB	AMD EPYC 9374F 32-Core Processor (znver4)	1448.6	GB	Linux
557	2025.04.08 06:20	82.5	305	ms	4285	1051	Meta Llama 3.1 8B Instruct	Q4_K - Medium	8000	M	NVIDIA GeForce RTX 4070 Ti SUPER	GPU	16	GB	AMD Ryzen 9 5900X 12-Core Processor (znver3)	127.9	GB	Windows
129	2025.03.28 22:11	111	310	ms	4120	1138	Meta Llama 3.1 8B Instruct	Q4_K - Medium	8000	M	NVIDIA GeForce RTX 3090 Ti	GPU	24	GB	Intel Xeon CPU E5-2699 v3 @ 2.30GHz (haswell)	125.8	GB	Linux
1014	2025.06.07 01:43	25.8	330	ms	4014	679	Meta Llama 3.1 8B Instruct	Q4_K - Medium	8000	M	NVIDIA GeForce RTX 4090	GPU	24	GB	AMD Ryzen 7 7800X3D 8-Core Processor (znver4)	63.6	GB	Windows
142	2025.03.28 22:20	77.2	341	ms	4006	968	Meta Llama 3.1 8B Instruct	Q4_K - Medium	8000	M	NVIDIA GeForce RTX 4070 Ti	GPU	12	GB	AMD EPYC 7542 32-Core Processor (znver2)	125.7	GB	Linux
421	2025.04.06 20:13	113	326	ms	3991	1113	Meta Llama 3.1 8B Instruct	Q4_K - Medium	8000	M	NVIDIA GeForce RTX 3090	GPU	24	GB	AMD Ryzen 9 5950X 16-Core Processor (znver3)	62.7	GB	Linux
509	2025.04.07 18:47	69.1	345	ms	3985	927	Meta Llama 3.1 8B Instruct	Q4_K - Medium	8000	M	NVIDIA GeForce RTX 4070 Ti	GPU	12	GB	13th Gen Intel Core i7-13700K (alderlake)	63.7	GB	Windows
193	2025.04.03 19:52	109	331	ms	3928	1089	Meta Llama 3.1 8B Instruct	Q4_K - Medium	8000	M	NVIDIA GeForce RTX 3090 Ti	GPU	24	GB	11th Gen Intel Core i5-11400F @ 2.60GHz (rocketlake)	62.7	GB	Linux
444	2025.04.06 23:45	68	350	ms	3916	913	Meta Llama 3.1 8B Instruct	Q4_K - Medium	8000	M	NVIDIA GeForce RTX 4070 Ti	GPU	12	GB	13th Gen Intel Core i7-13700K (alderlake)	63.7	GB	Windows
1092	2025.06.23 09:20	85.4	329	ms	3876	1002	Meta Llama 3.1 8B Instruct	Q4_K - Medium	8000	M	NVIDIA GeForce RTX 3090	GPU	24	GB	AMD Ryzen 9 5900X 12-Core Processor (znver3)	53.6	GB	Linux
220	2025.04.04 00:35	55.7	352	ms	3834	847	Meta Llama 3.1 8B Instruct	Q4_K - Medium	8000	M	NVIDIA GeForce RTX 4070 Ti SUPER	GPU	16	GB	AMD Ryzen 7 3700X 8-Core Processor (znver2)	63.9	GB	Windows
134	2025.03.28 22:16	104	343	ms	3739	1042	Meta Llama 3.1 8B Instruct	Q4_K - Medium	8000	M	NVIDIA GeForce RTX 3080 Ti	GPU	12	GB	Intel Xeon CPU E5-2690 v4 @ 2.60GHz (broadwell)	125.7	GB	Linux
482	2025.04.07 09:34	68	370	ms	3682	878	Meta Llama 3.1 8B Instruct	Q4_K - Medium	8000	M	NVIDIA GeForce RTX 4070 SUPER	GPU	12	GB	13th Gen Intel Core i5-13600K (alderlake)	31.8	GB	Windows
1091	2025.06.23 09:14	83.1	347	ms	3641	955	Meta Llama 3.1 8B Instruct	Q4_K - Medium	8000	M	NVIDIA GeForce RTX 3090	GPU	24	GB	AMD Ryzen 9 5900X 12-Core Processor (znver3)	53.6	GB	Linux
658	2025.04.10 00:03	103	352	ms	3637	1020	Meta Llama 3.1 8B Instruct	Q4_K - Medium	8000	M	NVIDIA GeForce RTX 3090	GPU	24	GB	AMD Ryzen 9 3900X 12-Core Processor (znver2)	31.2	GB	Linux
65	2025.03.28 20:56	110	336	ms	3571	1054	Meta Llama 3.1 8B Instruct	Q4_K - Medium	8000	M	NVIDIA A100-SXM4-80GB	GPU	79	GB	AMD EPYC 7713 64-Core Processor (znver3)	1007.7	GB	Linux
1	2025.03.19 21:50	103	358	ms	3552	1008	Meta Llama 3.1 8B Instruct	Q4_K - Medium	8000	M	NVIDIA GeForce RTX 3090	GPU	24	GB	AMD EPYC 7352 24-Core Processor (znver2)	125.64	GB	Linux
52	2025.03.28 20:43	90.5	378	ms	3447	938	Meta Llama 3.1 8B Instruct	Q4_K - Medium	8000	M	NVIDIA RTX A6000	GPU	48	GB	AMD EPYC 7543 32-Core Processor (znver3)	503.7	GB	Linux
316	2025.04.05 23:50	45.5	382	ms	3371	738	Meta Llama 3.1 8B Instruct	Q4_K - Medium	8000	M	NVIDIA GeForce RTX 4070 SUPER	GPU	12	GB	AMD Ryzen 9 7950X3D 16-Core Processor (znver4)	61.9	GB	Linux
54	2025.03.28 20:44	80.6	401	ms	3270	870	Meta Llama 3.1 8B Instruct	Q4_K - Medium	8000	M	NVIDIA A40	GPU	44	GB	Intel Xeon Gold 6342 CPU @ 2.80GHz (icelake-server)	503.5	GB	Linux
152	2025.03.28 22:27	76.3	415	ms	3192	838	Meta Llama 3.1 8B Instruct	Q4_K - Medium	8000	M	NVIDIA GeForce RTX 4070	GPU	12	GB	Intel Xeon CPU E5-2690 v2 @ 3.00GHz (ivybridge)	62.8	GB	Linux
139	2025.03.28 22:18	92.6	409	ms	3140	892	Meta Llama 3.1 8B Instruct	Q4_K - Medium	8000	M	NVIDIA GeForce RTX 3080	GPU	10	GB	AMD Ryzen 9 5900X 12-Core Processor (znver3)	31.3	GB	Linux
764	2025.04.24 23:06	76.6	421	ms	3028	820	Meta Llama 3.1 8B Instruct	Q4_K - Medium	8000	M	NVIDIA GeForce RTX 3080	GPU	10	GB	AMD Ryzen 7 5800X 8-Core Processor (znver3)	63.9	GB	Windows
55	2025.03.28 20:45	89.9	445	ms	2890	836	Meta Llama 3.1 8B Instruct	Q4_K - Medium	8000	M	NVIDIA RTX A5000	GPU	24	GB	AMD EPYC 7B13 64-Core Processor (znver3)	251.5	GB	Linux
347	2025.04.06 02:39	25.7	448	ms	2862	548	Meta Llama 3.1 8B Instruct	Q4_K - Medium	8000	M	NVIDIA GeForce RTX 4070 Ti	GPU	12	GB	AMD Ryzen 7 7800X3D 8-Core Processor (znver4)	63.1	GB	Windows
356	2025.04.06 06:07	68.2	452	ms	2836	754	Meta Llama 3.1 8B Instruct	Q4_K - Medium	8000	M	NVIDIA GeForce RTX 3080	GPU	10	GB	AMD Ryzen Threadripper PRO 3955WX 16-Cores (znver2)	127.8	GB	Windows
1081	2025.06.20 00:20	75.7	441	ms	2792	783	Meta Llama 3.1 8B Instruct	Q4_K - Medium	8000	M	NVIDIA GeForce RTX 3080	GPU	10	GB	AMD Ryzen 7 5800X3D 8-Core Processor (znver3)	63.9	GB	Windows
79	2025.03.28 21:14	56.5	518	ms	2617	658	Meta Llama 3.1 8B Instruct	Q4_K - Medium	8000	M	NVIDIA RTX 4000 Ada Generation	GPU	20	GB	AMD EPYC 7352 24-Core Processor (znver2)	251.6	GB	Linux
67	2025.03.28 20:59	37.1	519	ms	2601	571	Meta Llama 3.1 8B Instruct	Q4_K - Medium	8000	M	NVIDIA A100 80GB PCIe	GPU	79	GB	AMD EPYC 9374F 32-Core Processor (znver4)	1511.6	GB	Linux
125	2025.03.28 22:07	83.2	520	ms	2509	738	Meta Llama 3.1 8B Instruct	Q4_K - Medium	8000	M	NVIDIA GeForce RTX 3070 Ti	GPU	8	GB	AMD Ryzen 5 5500 (znver3)	86.3	GB	Linux
56	2025.03.28 20:45	77.6	522	ms	2484	718	Meta Llama 3.1 8B Instruct	Q4_K - Medium	8000	M	NVIDIA RTX A4500	GPU	20	GB	AMD EPYC 7352 24-Core Processor (znver2)	251.6	GB	Linux
634	2025.04.09 08:58	57.4	540	ms	2457	639	Meta Llama 3.1 8B Instruct	Q4_K - Medium	8000	M	NVIDIA RTX 3500 Ada Generation Laptop GPU	GPU	12	GB	13th Gen Intel Core i9-13980HX (alderlake)	191.7	GB	Windows
860	2025.05.13 08:03	60.6	557	ms	2427	641	Meta Llama 3.1 8B Instruct	Q4_K - Medium	8000	M	NVIDIA GeForce RTX 5060 Ti	GPU	15	GB	AMD Ryzen 7 5700X 8-Core Processor (znver3)	62.7	GB	Linux
173	2025.03.30 20:12	37	578	ms	2360	532	Meta Llama 3.1 8B Instruct	Q4_K - Medium	8000	M	NVIDIA GeForce RTX 5070	GPU	12	GB	AMD Ryzen 7 9800X3D 8-Core Processor	123.5	GB	Linux
449	2025.04.07 00:34	49.1	614	ms	2267	566	Meta Llama 3.1 8B Instruct	Q4_K - Medium	8000	M	NVIDIA GeForce RTX 4060 Ti	GPU	16	GB	AMD Ryzen 5 4600G with Radeon Graphics (znver2)	94.1	GB	Linux
9	2025.03.19 22:20	49.3	612	ms	2247	565	Meta Llama 3.1 8B Instruct	Q4_K - Medium	8000	M	NVIDIA GeForce RTX 4060 Ti	GPU	16	GB	AMD EPYC 7352 24-Core Processor (znver2)	125.64	GB	Linux
840	2025.05.07 18:55	44.8	621	ms	2217	543	Meta Llama 3.1 8B Instruct	Q4_K - Medium	8000	M	NVIDIA GeForce RTX 4060 Ti	GPU	16	GB	11th Gen Intel Core i7-11700F @ 2.50GHz (rocketlake)	31.9	GB	Windows
128	2025.03.28 22:10	63.4	595	ms	2184	615	Meta Llama 3.1 8B Instruct	Q4_K - Medium	8000	M	NVIDIA GeForce RTX 3070	GPU	8	GB	Intel Xeon CPU E5-2650 v4 @ 2.20GHz (broadwell)	62.6	GB	Linux
469	2025.04.07 04:09	60.5	611	ms	2160	598	Meta Llama 3.1 8B Instruct	Q4_K - Medium	8000	M	NVIDIA GeForce RTX 3070	GPU	8	GB	AMD Ryzen 5 5600X 6-Core Processor (znver3)	31.9	GB	Windows
429	2025.04.06 21:29	60.3	609	ms	2145	596	Meta Llama 3.1 8B Instruct	Q4_K - Medium	8000	M	NVIDIA GeForce RTX 3070	GPU	8	GB	AMD Ryzen 7 5700X 8-Core Processor (znver3)	31.9	GB	Windows
143	2025.03.28 22:21	49.6	645	ms	2130	547	Meta Llama 3.1 8B Instruct	Q4_K - Medium	8000	M	NVIDIA GeForce RTX 4060 Ti	GPU	16	GB	AMD EPYC 7K62 48-Core Processor (znver2)	503.5	GB	Linux
351	2025.04.06 03:50	30.7	617	ms	2112	472	Meta Llama 3.1 8B Instruct	Q4_K - Medium	8000	M	NVIDIA GeForce RTX 4060 Ti	GPU	8	GB	AMD Ryzen 7 7800X3D 8-Core Processor (znver4)	31	GB	Linux
116	2025.03.28 21:54	74	601	ms	2102	637	Meta Llama 3.1 8B Instruct	Q4_K - Medium	8000	M	NVIDIA GeForce RTX 2080 Ti	GPU	11	GB	AMD Ryzen 5 3600 6-Core Processor (znver2)	62.7	GB	Linux
416	2025.04.06 19:57	36.5	629	ms	2085	495	Meta Llama 3.1 8B Instruct	Q4_K - Medium	8000	M	NVIDIA A10	GPU	22	GB	AMD EPYC 9554 64-Core Processor (znver4)	43	GB	Linux
70	2025.03.28 21:01	42.9	669	ms	2056	509	Meta Llama 3.1 8B Instruct	Q4_K - Medium	8000	M	NVIDIA L4	GPU	22	GB	AMD EPYC 7713 64-Core Processor (znver3)	503.5	GB	Linux
158	2025.03.28 23:13	44.6	689	ms	2013	507	Meta Llama 3.1 8B Instruct	Q4_K - Medium	8000	M	NVIDIA RTX 4000 SFF Ada Generation	GPU	20	GB	Intel Xeon CPU E5-2690 v4 @ 2.60GHz (broadwell)	251.8	GB	Linux
45	2025.03.28 18:58	60.6	656	ms	2011	570	Meta Llama 3.1 8B Instruct	Q4_K - Medium	8000	M	NVIDIA RTX A4000	GPU	16	GB	AMD EPYC 7702 64-Core Processor (znver2)	503.5	GB	Linux
229	2025.04.04 14:19	67.3	651	ms	1974	589	Meta Llama 3.1 8B Instruct	Q4_K - Medium	8000	M	NVIDIA GeForce RTX 3060 Ti	GPU	8	GB	AMD Ryzen 5 5600 6-Core Processor (znver3)	63.9	GB	Windows
662	2025.04.10 00:30	58.6	657	ms	1962	559	Meta Llama 3.1 8B Instruct	Q4_K - Medium	8000	M	NVIDIA GeForce RTX 3060 Ti	GPU	8	GB	AMD Ryzen 9 5900X 12-Core Processor (znver3)	15.6	GB	Linux
331	2025.04.06 00:44	20.6	665	ms	1929	391	Meta Llama 3.1 8B Instruct	Q4_K - Medium	8000	M	NVIDIA GeForce RTX 4060 Ti	GPU	8	GB	AMD Ryzen 7 7800X3D 8-Core Processor (znver4)	31.6	GB	Windows
1036	2025.06.12 14:15	65.1	683	ms	1898	566	Meta Llama 3.1 8B Instruct	Q4_K - Medium	8000	M	NVIDIA GeForce RTX 3060 Ti	GPU	8	GB	AMD Ryzen 7 5700G with Radeon Graphics (znver3)	30.7	GB	Linux
409	2025.04.06 19:15	54.4	696	ms	1861	526	Meta Llama 3.1 8B Instruct	Q4_K - Medium	8000	M	NVIDIA GeForce RTX 3060 Ti	GPU	8	GB	AMD Ryzen 7 5800X 8-Core Processor (znver3)	31.9	GB	Windows
109	2025.03.28 21:48	73.3	647	ms	1823	591	Meta Llama 3.1 8B Instruct	Q4_K - Medium	8000	M	NVIDIA TITAN V	GPU	12	GB	AMD EPYC 7K62 48-Core Processor (znver2)	125.6	GB	Linux
490	2025.04.07 11:22	36.4	694	ms	1821	457	Meta Llama 3.1 8B Instruct	Q4_K - Medium	8000	M	NVIDIA GeForce RTX 3070	GPU	8	GB	AMD Ryzen 9 9950X3D 16-Core Processor	60.4	GB	Linux
148	2025.03.28 22:24	45.8	772	ms	1748	470	Meta Llama 3.1 8B Instruct	Q4_K - Medium	8000	M	NVIDIA GeForce RTX 4060	GPU	8	GB	Intel Xeon CPU E5-2699 v4 @ 2.20GHz (broadwell)	1007.7	GB	Linux
124	2025.03.28 22:06	61.7	767	ms	1729	518	Meta Llama 3.1 8B Instruct	Q4_K - Medium	8000	M	NVIDIA GeForce RTX 3060 Ti	GPU	8	GB	Intel Xeon CPU E5-2630 v4 @ 2.20GHz (broadwell)	31.2	GB	Linux
1088	2025.06.23 02:15	41.2	793	ms	1708	446	Meta Llama 3.1 8B Instruct	Q4_K - Medium	8000	M	NVIDIA GeForce RTX 4060	GPU	8	GB	AMD Ryzen 5 5600 6-Core Processor (znver3)	31.9	GB	Windows
569	2025.04.08 09:05	74	1050	ms	1677	491	Meta Llama 3.1 8B Instruct	Q4_K - Medium	8000	M	Quadro RTX 8000	GPU	47	GB	QEMU Virtual CPU version 2.5+	295	GB	Linux
427	2025.04.06 21:23	38.3	874	ms	1600	413	Meta Llama 3.1 8B Instruct	Q8_0	8000	M	AMD Radeon RX 6900 XT	GPU	16	GB	AMD Ryzen 9 5950X 16-Core Processor (znver3)	125.7	GB	Linux
818	2025.05.04 12:17	49.5	869	ms	1515	442	Meta Llama 3.1 8B Instruct	Q4_K - Medium	8000	M	NVIDIA GeForce RTX 3060	GPU	12	GB	11th Gen Intel Core i7-11700F @ 2.50GHz (rocketlake)	31.9	GB	Windows
123	2025.03.28 22:06	53.1	885	ms	1487	447	Meta Llama 3.1 8B Instruct	Q4_K - Medium	8000	M	NVIDIA GeForce RTX 3060	GPU	12	GB	AMD Ryzen 5 5600X 6-Core Processor (znver3)	31.3	GB	Linux
48	2025.03.28 19:06	52	888	ms	1482	443	Meta Llama 3.1 8B Instruct	Q4_K - Medium	8000	M	NVIDIA GeForce RTX 3060	GPU	12	GB	AMD EPYC 7402P 24-Core Processor (znver2)	251.6	GB	Linux
436	2025.04.06 21:55	64.7	1400	ms	1468	407	Meta Llama 3.1 8B Instruct	Q4_K - Medium	8000	M	NVIDIA GeForce RTX 3070	GPU	8	GB	AMD Ryzen 7 3700X 8-Core Processor (znver2)	31.3	GB	Linux
105	2025.03.28 21:42	57.8	880	ms	1460	458	Meta Llama 3.1 8B Instruct	Q4_K - Medium	8000	M	NVIDIA GeForce RTX 2070 SUPER	GPU	8	GB	Intel Xeon CPU E5-2690 0 @ 2.90GHz (sandybridge)	503.8	GB	Linux
800	2025.05.03 15:01	49.7	933	ms	1400	421	Meta Llama 3.1 8B Instruct	Q4_K - Medium	8000	M	NVIDIA GeForce RTX 3060	GPU	12	GB	AMD Ryzen 9 5950X 16-Core Processor (znver3)	125.7	GB	Linux
333	2025.04.06 01:05	29.5	1110	ms	1389	333	Meta Llama 3.1 8B Instruct	Q8_0	8000	M	AMD Radeon RX 6900 XT	GPU	16	GB	AMD Ryzen 9 5950X 16-Core Processor (znver3)	125.7	GB	Linux
715	2025.04.14 07:26	36.8	995	ms	1370	370	Meta Llama 3.1 8B Instruct	Q4_K - Medium	8000	M	NVIDIA RTX 2000 Ada Generation	GPU	16	GB	AMD Ryzen 9 5900X 12-Core Processor (znver3)	47	GB	Linux
68	2025.03.28 20:59	37.9	1020	ms	1328	367	Meta Llama 3.1 8B Instruct	Q4_K - Medium	8000	M	NVIDIA RTX 2000 Ada Generation	GPU	16	GB	AMD EPYC 7443 24-Core Processor (znver3)	251.5	GB	Linux
437	2025.04.06 22:00	17.7	1050	ms	1243	276	Meta Llama 3.1 8B Instruct	F16	8000	M	AMD Radeon RX 6900 XT	GPU	16	GB	AMD Ryzen 9 5950X 16-Core Processor (znver3)	125.7	GB	Linux
117	2025.03.28 21:55	51.3	1040	ms	1223	392	Meta Llama 3.1 8B Instruct	Q4_K - Medium	8000	M	NVIDIA GeForce RTX 2060 SUPER	GPU	8	GB	Intel Xeon CPU E5-2687W 0 @ 3.10GHz (sandybridge)	503.8	GB	Linux
434	2025.04.06 21:45	44.5	1120	ms	1201	363	Meta Llama 3.1 8B Instruct	Q6_K	8000	M	AMD Radeon RX 6900 XT	GPU	16	GB	AMD Ryzen 9 5950X 16-Core Processor (znver3)	125.7	GB	Linux
431	2025.04.06 21:37	50.3	1130	ms	1170	373	Meta Llama 3.1 8B Instruct	Q4_K - Medium	8000	M	AMD Radeon RX 6900 XT	GPU	16	GB	AMD Ryzen 9 5950X 16-Core Processor (znver3)	125.7	GB	Linux
335	2025.04.06 01:17	34.9	1270	ms	1157	317	Meta Llama 3.1 8B Instruct	Q5_K - Medium	8000	M	AMD Radeon RX 6900 XT	GPU	16	GB	AMD Ryzen 9 5950X 16-Core Processor (znver3)	125.7	GB	Linux
768	2025.04.25 21:55	34.8	1150	ms	1050	316	Meta Llama 3.1 8B Instruct	Q4_K - Medium	8000	M	NVIDIA GeForce RTX 3060 Laptop GPU	GPU	6	GB	11th Gen Intel Core i7-11800H @ 2.30GHz (tigerlake)	15.8	GB	Windows
336	2025.04.06 01:22	36.7	1370	ms	1050	304	Meta Llama 3.1 8B Instruct	Q4_K - Medium	8000	M	AMD Radeon RX 6900 XT	GPU	16	GB	AMD Ryzen 9 5950X 16-Core Processor (znver3)	125.7	GB	Linux
1108	2025.06.25 04:17	40.3	1430	ms	1028	307	Meta Llama 3.1 8B Instruct	Q4_K - Medium	8000	M	AMD Radeon RX 6900 XT	GPU	16	GB	AMD Ryzen 9 5900X 12-Core Processor (znver3)	63.9	GB	Windows
334	2025.04.06 01:11	33.1	1400	ms	1016	289	Meta Llama 3.1 8B Instruct	Q6_K	8000	M	AMD Radeon RX 6900 XT	GPU	16	GB	AMD Ryzen 9 5950X 16-Core Processor (znver3)	125.7	GB	Linux
476	2025.04.07 05:34	35.5	1570	ms	926	276	Meta Llama 3.1 8B Instruct	Q4_K - Medium	8000	M	AMD Radeon RX 6800 XT	GPU	16	GB	AMD Ryzen 9 5950X 16-Core Processor (znver3)	62.7	GB	Linux
767	2025.04.25 20:50	30	8220	ms	891	148	Meta Llama 3.1 8B Instruct	Q4_K - Medium	8000	M	NVIDIA GeForce RTX 3060 Laptop GPU	GPU	6	GB	11th Gen Intel Core i7-11800H @ 2.30GHz (tigerlake)	15.8	GB	Windows
492	2025.04.07 11:56	51.2	1440	ms	888	316	Meta Llama 3.1 8B Instruct	Q4_K - Medium	8000	M	AMD Radeon RX 7900 XTX	GPU	24	GB	AMD Ryzen 7 5800X3D 8-Core Processor (znver3)	31.9	GB	Windows
1001	2025.06.04 20:27	45.3	1420	ms	885	305	Meta Llama 3.1 8B Instruct	Q4_K - Medium	8000	M	Radeon RX 7900 XTX	GPU	24	GB	AMD Ryzen 7 5700X 8-Core Processor (znver3)	31.3	GB	Linux
940	2025.05.24 02:14	24.3	9090	ms	809	129	Meta Llama 3.1 8B Instruct	Q4_K - Medium	8000	M	NVIDIA GeForce RTX 4060 Laptop GPU	GPU	8	GB	13th Gen Intel Core i7-13650HX (alderlake)	15.6	GB	Windows
733	2025.04.17 08:55	27.6	1680	ms	791	235	Meta Llama 3.1 8B Instruct	Q4_K - Medium	8000	M	NVIDIA RTX A2000 8GB Laptop GPU	GPU	8	GB	12th Gen Intel Core i7-12700H (alderlake)	31.6	GB	Windows
732	2025.04.17 08:38	27.5	1700	ms	789	234	Meta Llama 3.1 8B Instruct	Q4_K - Medium	8000	M	NVIDIA RTX A2000 8GB Laptop GPU	GPU	8	GB	12th Gen Intel Core i7-12700H (alderlake)	31.6	GB	Windows
978	2025.06.03 02:33	26	2320	ms	760	204	Meta Llama 3.1 8B Instruct	Q4_K - Medium	8000	M	NVIDIA GeForce RTX 3050	GPU	6	GB	Intel Core i5-4590 CPU @ 3.30GHz (haswell)	31.9	GB	Windows
606	2025.04.08 15:12	27.3	2460	ms	607	189	Meta Llama 3.1 8B Instruct	Q4_K - Medium	8000	M	AMD Radeon RX 6700 XT	GPU	12	GB	AMD Ryzen 7 5700X 8-Core Processor (znver3)	31.3	GB	Linux
624	2025.04.08 22:38	21.5	2340	ms	604	177	Meta Llama 3.1 8B Instruct	Q4_K - Medium	8000	M	AMD Radeon RX 6600 XT	GPU	8	GB	AMD Ryzen 9 5950X 16-Core Processor (znver3)	31.2	GB	Linux
916	2025.05.19 08:20	5.4	2400	ms	587	110	Meta Llama 3.1 8B Instruct	Q4_K - Medium	8000	M	AMD Radeon RX 6700 XT	GPU	12	GB	AMD Ryzen 9 7900X 12-Core Processor (znver4)	62	GB	Linux
13	2025.03.19 23:02	25.9	2480	ms	563	181	Meta Llama 3.1 8B Instruct	Q4_K - Medium	8000	M	AMD Radeon RX 6650 XT	GPU	8	GB	AMD EPYC 7352 24-Core Processor (znver2)	125.64	GB	Linux
1005	2025.06.06 05:12	38.9	2360	ms	524	205	Meta Llama 3.1 8B Instruct	Q4_K - Medium	8000	M	AMD  Radeon RX 7800 XT	GPU	16	GB	AMD Ryzen 7 5700X3D 8-Core Processor (znver3)	31.9	GB	Windows
106	2025.03.28 21:42	33.5	2720	ms	427	174	Meta Llama 3.1 8B Instruct	Q4_K - Medium	8000	M	Tesla P100-SXM2-16GB	GPU	16	GB	Intel Xeon Gold 6138 CPU @ 2.00GHz (skylake-avx512)	376.5	GB	Linux
376	2025.04.06 14:18	4.3	8730	ms	290	52	Meta Llama 3.1 8B Instruct	Q4_K - Medium	8000	M	NVIDIA GeForce RTX 3050 Ti Laptop GPU	GPU	4	GB	12th Gen Intel Core i7-12700H (alderlake)	31.7	GB	Windows
804	2025.05.03 21:43	25.4	5680	ms	256	105	Meta Llama 3.1 8B Instruct	Q4_K - Medium	8000	M	AMD Radeon RX 5700 XT	GPU	8	GB	AMD Ryzen 7 3700X 8-Core Processor (znver2)	32	GB	Windows
488	2025.04.07 11:07	15	5560	ms	250	88	Meta Llama 3.1 8B Instruct	Q4_K - Medium	8000	M	AMD Ryzen 9 9950X3D 16-Core Processor	CPU	60.4	GB	AMD Ryzen 9 9950X3D 16-Core Processor	60.4	GB	Windows
471	2025.04.07 04:42	8.8	8050	ms	172	57	Meta Llama 3.1 8B Instruct	Q4_K - Medium	8000	M	AMD Ryzen 9 7950X 16-Core Processor (znver4)	CPU	124.8	GB	AMD Ryzen 9 7950X 16-Core Processor (znver4)	124.8	GB	Linux
305	2025.04.05 22:54	10.6	8510	ms	163	59	Meta Llama 3.1 8B Instruct	Q4_K - Medium	8000	M	AMD Ryzen 9 7950X3D 16-Core Processor (znver4)	CPU	61.9	GB	AMD Ryzen 9 7950X3D 16-Core Processor (znver4)	61.9	GB	Linux
727	2025.04.15 16:50	9	11110	ms	129	47	Meta Llama 3.1 8B Instruct	Q4_K - Medium	8000	M	NVIDIA GeForce GTX 1660	GPU	6	GB	AMD Ryzen 7 5700X3D 8-Core Processor (znver3)	31.9	GB	Windows
298	2025.04.05 16:33	7.6	11640	ms	120	43	Meta Llama 3.1 8B Instruct	Q6_K	8000	M	AMD Ryzen 9 5950X 16-Core Processor (znver3)	CPU	125.7	GB	AMD Ryzen 9 5950X 16-Core Processor (znver3)	125.7	GB	Linux
1204	2025.07.09 22:08	14.5	12110	ms	115	52	Meta Llama 3.1 8B Instruct	Q4_K - Medium	8000	M	AMD Ryzen Threadripper 3960X 24-Core Processor (znver2)	CPU	62.7	GB	AMD Ryzen Threadripper 3960X 24-Core Processor (znver2)	62.7	GB	Linux
299	2025.04.05 16:53	8.6	12330	ms	114	43	Meta Llama 3.1 8B Instruct	Q5_K - Medium	8000	M	AMD Ryzen 9 5950X 16-Core Processor (znver3)	CPU	125.7	GB	AMD Ryzen 9 5950X 16-Core Processor (znver3)	125.7	GB	Linux
654	2025.04.09 22:46	10.1	12420	ms	114	45	Meta Llama 3.1 8B Instruct	Q4_K - Medium	8000	M	AMD Ryzen 9 5950X 16-Core Processor (znver3)	CPU	125.7	GB	AMD Ryzen 9 5950X 16-Core Processor (znver3)	125.7	GB	Linux
917	2025.05.19 08:57	8.5	12160	ms	113	43	Meta Llama 3.1 8B Instruct	Q4_K - Medium	8000	M	AMD Ryzen 9 7900X 12-Core Processor (znver4)	CPU	62	GB	AMD Ryzen 9 7900X 12-Core Processor (znver4)	62	GB	Linux
300	2025.04.05 17:11	9.9	12550	ms	112	44	Meta Llama 3.1 8B Instruct	Q4_K - Medium	8000	M	AMD Ryzen 9 5950X 16-Core Processor (znver3)	CPU	125.7	GB	AMD Ryzen 9 5950X 16-Core Processor (znver3)	125.7	GB	Linux
625	2025.04.08 22:59	8.7	13040	ms	104	41	Meta Llama 3.1 8B Instruct	Q4_K - Medium	8000	M	AMD Ryzen 9 5950X 16-Core Processor (znver3)	CPU	31.2	GB	AMD Ryzen 9 5950X 16-Core Processor (znver3)	31.2	GB	Linux
726	2025.04.15 07:17	12.9	13610	ms	99	45	Meta Llama 3.1 8B Instruct	Q4_K - Medium	8000	M	AMD Ryzen AI 9 HX 370 w/ Radeon 890M	CPU	26.5	GB	AMD Ryzen AI 9 HX 370 w/ Radeon 890M	26.5	GB	Linux
211	2025.04.03 23:41	16.6	14500	ms	94	48	Meta Llama 3.1 8B Instruct	Q4_K - Medium	8000	M	Intel Xeon Platinum 8280 CPU @ 2.70GHz (cascadelake)	CPU	94.3	GB	Intel Xeon Platinum 8280 CPU @ 2.70GHz (cascadelake)	94.3	GB	Linux
350	2025.04.06 03:44	10.9	14660	ms	93	41	Meta Llama 3.1 8B Instruct	Q4_K - Medium	8000	M	AMD Ryzen 7 7800X3D 8-Core Processor (znver4)	CPU	31	GB	AMD Ryzen 7 7800X3D 8-Core Processor (znver4)	31	GB	Linux
271	2025.04.05 04:11	10.7	15800	ms	88	39	Meta Llama 3.1 8B Instruct	Q4_K - Medium	8000	M	AMD Ryzen 9 7940HS w/ Radeon 780M Graphics (znver4)	CPU	54.7	GB	AMD Ryzen 9 7940HS w/ Radeon 780M Graphics (znver4)	54.7	GB	Linux
264	2025.04.05 02:02	3.7	15240	ms	85	27	Meta Llama 3.1 8B Instruct	BF16	8000	M	AMD Ryzen 9 7940HS w/ Radeon 780M Graphics (znver4)	CPU	54.7	GB	AMD Ryzen 9 7940HS w/ Radeon 780M Graphics (znver4)	54.7	GB	Linux
269	2025.04.05 03:35	8.4	16079	ms	85	35	Meta Llama 3.1 8B Instruct	Q6_K	8000	M	AMD Ryzen 9 7940HS w/ Radeon 780M Graphics (znver4)	CPU	54.7	GB	AMD Ryzen 9 7940HS w/ Radeon 780M Graphics (znver4)	54.7	GB	Linux
270	2025.04.05 03:54	9.4	16520	ms	83	36	Meta Llama 3.1 8B Instruct	Q5_K - Medium	8000	M	AMD Ryzen 9 7940HS w/ Radeon 780M Graphics (znver4)	CPU	54.7	GB	AMD Ryzen 9 7940HS w/ Radeon 780M Graphics (znver4)	54.7	GB	Linux
801	2025.05.03 15:46	8.1	18160	ms	75	32	Meta Llama 3.1 8B Instruct	Q4_K - Medium	8000	M	AMD Ryzen 9 5950X 16-Core Processor (znver3)	CPU	125.7	GB	AMD Ryzen 9 5950X 16-Core Processor (znver3)	125.7	GB	Linux
296	2025.04.05 16:10	6.1	18910	ms	74	29	Meta Llama 3.1 8B Instruct	Q8_0	8000	M	AMD Ryzen 9 5950X 16-Core Processor (znver3)	CPU	125.7	GB	AMD Ryzen 9 5950X 16-Core Processor (znver3)	125.7	GB	Linux
302	2025.04.05 21:09	3.3	17730	ms	73	24	Meta Llama 3.1 8B Instruct	BF16	8000	M	AMD Ryzen 9 5950X 16-Core Processor (znver3)	CPU	125.7	GB	AMD Ryzen 9 5950X 16-Core Processor (znver3)	125.7	GB	Linux
1066	2025.06.16 17:36	10.6	20280	ms	68	33	Meta Llama 3.1 8B Instruct	Q4_K - Medium	8000	M	Intel Core Ultra 9 285K (arrowlake-s)	CPU	127.3	GB	Intel Core Ultra 9 285K (arrowlake-s)	127.3	GB	Windows
1067	2025.06.16 18:08	11.1	20740	ms	68	33	Meta Llama 3.1 8B Instruct	Q4_K - Medium	8000	M	Intel Core Ultra 9 285K (arrowlake-s)	CPU	127.3	GB	Intel Core Ultra 9 285K (arrowlake-s)	127.3	GB	Windows
313	2025.04.05 23:43	10.3	20420	ms	66	32	Meta Llama 3.1 8B Instruct	Q4_K - Medium	8000	M	AMD Ryzen 7 7800X3D 8-Core Processor (znver4)	CPU	31.6	GB	AMD Ryzen 7 7800X3D 8-Core Processor (znver4)	31.6	GB	Windows
381	2025.04.06 15:18	2.8	23140	ms	66	20	Meta Llama 3.1 8B Instruct	Q4_K - Medium	8000	M	NVIDIA GeForce GTX 1650 Ti	GPU	4	GB	Intel Core i7-10750H CPU @ 2.60GHz (skylake)	31.8	GB	Windows
544	2025.04.07 23:11	10	21820	ms	64	31	Meta Llama 3.1 8B Instruct	Q4_K - Medium	8000	M	AMD Ryzen 9 3900X 12-Core Processor (znver2)	CPU	15.5	GB	AMD Ryzen 9 3900X 12-Core Processor (znver2)	15.5	GB	Linux
398	2025.04.06 17:18	13	23070	ms	61	32	Meta Llama 3.1 8B Instruct	Q4_K - Medium	8000	M	Intel Core i9-14900HX (alderlake)	CPU	62.5	GB	Intel Core i9-14900HX (alderlake)	62.5	GB	Linux
628	2025.04.09 02:39	9	22720	ms	60	29	Meta Llama 3.1 8B Instruct	Q4_K - Medium	8000	M	AMD Ryzen 7 PRO 8840U w/ Radeon 780M Graphics (znver4)	CPU	61.5	GB	AMD Ryzen 7 PRO 8840U w/ Radeon 780M Graphics (znver4)	61.5	GB	Linux
294	2025.04.05 15:42	3.3	21970	ms	59	21	Meta Llama 3.1 8B Instruct	F16	8000	M	AMD Ryzen 9 5950X 16-Core Processor (znver3)	CPU	125.7	GB	AMD Ryzen 9 5950X 16-Core Processor (znver3)	125.7	GB	Linux
657	2025.04.10 00:01	8.6	21980	ms	59	28	Meta Llama 3.1 8B Instruct	Q4_K - Medium	8000	M	AMD Ryzen 9 5900X 12-Core Processor (znver3)	CPU	31.9	GB	AMD Ryzen 9 5900X 12-Core Processor (znver3)	31.9	GB	Windows
266	2025.04.05 02:47	3.7	23510	ms	55	21	Meta Llama 3.1 8B Instruct	F16	8000	M	AMD Ryzen 9 7940HS w/ Radeon 780M Graphics (znver4)	CPU	54.7	GB	AMD Ryzen 9 7940HS w/ Radeon 780M Graphics (znver4)	54.7	GB	Linux
292	2025.04.05 14:51	3.3	24190	ms	54	19	Meta Llama 3.1 8B Instruct	BF16	8000	M	AMD Ryzen 9 5950X 16-Core Processor (znver3)	CPU	125.7	GB	AMD Ryzen 9 5950X 16-Core Processor (znver3)	125.7	GB	Linux
1020	2025.06.08 23:38	7.8	26600	ms	53	25	Meta Llama 3.1 8B Instruct	Q4_K - Medium	8000	M	AMD Ryzen 7 5700X3D 8-Core Processor (znver3)	CPU	47.9	GB	AMD Ryzen 7 5700X3D 8-Core Processor (znver3)	47.9	GB	Windows
268	2025.04.05 03:14	6.7	25670	ms	52	24	Meta Llama 3.1 8B Instruct	Q8_0	8000	M	AMD Ryzen 9 7940HS w/ Radeon 780M Graphics (znver4)	CPU	54.7	GB	AMD Ryzen 9 7940HS w/ Radeon 780M Graphics (znver4)	54.7	GB	Linux
353	2025.04.06 05:31	10.3	26020	ms	52	27	Meta Llama 3.1 8B Instruct	Q4_K - Medium	8000	M	AMD Ryzen Threadripper PRO 3955WX 16-Cores (znver2)	CPU	127.8	GB	AMD Ryzen Threadripper PRO 3955WX 16-Cores (znver2)	127.8	GB	Windows
1008	2025.06.06 15:06	11	29510	ms	47	26	Meta Llama 3.1 8B Instruct	Q4_K - Medium	8000	M	12th Gen Intel Core i7-12700KF (alderlake)	CPU	31.8	GB	12th Gen Intel Core i7-12700KF (alderlake)	31.8	GB	Windows
543	2025.04.07 23:10	8.5	30960	ms	43	23	Meta Llama 3.1 8B Instruct	Q4_K - Medium	8000	M	AMD Ryzen 7 5800X3D 8-Core Processor (znver3)	CPU	63.9	GB	AMD Ryzen 7 5800X3D 8-Core Processor (znver3)	63.9	GB	Windows
438	2025.04.06 22:04	7.5	32520	ms	43	21	Meta Llama 3.1 8B Instruct	Q4_K - Medium	8000	M	AMD Ryzen 7 3700X 8-Core Processor (znver2)	CPU	31.3	GB	AMD Ryzen 7 3700X 8-Core Processor (znver2)	31.3	GB	Linux
213	2025.04.03 23:50	12.5	34110	ms	40	25	Meta Llama 3.1 8B Instruct	Q4_K - Medium	8000	M	Intel Xeon Platinum 8280 CPU @ 2.70GHz (cascadelake)	CPU	31.3	GB	Intel Xeon Platinum 8280 CPU @ 2.70GHz (cascadelake)	31.3	GB	Linux
693	2025.04.11 20:25	7.9	35090	ms	40	21	Meta Llama 3.1 8B Instruct	Q4_K - Medium	8000	M	AMD Ryzen 7 5700X3D 8-Core Processor (znver3)	CPU	31.9	GB	AMD Ryzen 7 5700X3D 8-Core Processor (znver3)	31.9	GB	Windows
424	2025.04.06 21:08	6.2	35560	ms	38	19	Meta Llama 3.1 8B Instruct	Q4_K - Medium	8000	M	AMD Ryzen 7 5700X 8-Core Processor (znver3)	CPU	31.9	GB	AMD Ryzen 7 5700X 8-Core Processor (znver3)	31.9	GB	Windows
613	2025.04.08 17:22	9.6	39870	ms	36	21	Meta Llama 3.1 8B Instruct	Q4_K - Medium	8000	M	13th Gen Intel Core i7-13700H (alderlake)	CPU	31.1	GB	13th Gen Intel Core i7-13700H (alderlake)	31.1	GB	Linux
762	2025.04.24 21:05	4.8	39600	ms	34	16	Meta Llama 3.1 8B Instruct	Q4_K - Medium	8000	M	AMD Ryzen 7 5800X 8-Core Processor (znver3)	CPU	63.9	GB	AMD Ryzen 7 5800X 8-Core Processor (znver3)	63.9	GB	Windows
455	2025.04.07 01:58	8.6	41330	ms	34	19	Meta Llama 3.1 8B Instruct	Q4_K - Medium	8000	M	AMD Ryzen 5 4600G with Radeon Graphics (znver2)	CPU	94.1	GB	AMD Ryzen 5 4600G with Radeon Graphics (znver2)	94.1	GB	Linux
188	2025.04.03 18:47	8.1	43330	ms	31	18	Meta Llama 3.1 8B Instruct	Q4_K - Medium	8000	M	Intel Xeon CPU E5-2697 v2 @ 2.70GHz (ivybridge)	CPU	251.8	GB	Intel Xeon CPU E5-2697 v2 @ 2.70GHz (ivybridge)	251.8	GB	Linux
1109	2025.06.25 04:19	9.4	44020	ms	31	19	Meta Llama 3.1 8B Instruct	Q4_K - Medium	8000	M	Intel Xeon W-2235 CPU @ 3.80GHz (cascadelake)	CPU	62.5	GB	Intel Xeon W-2235 CPU @ 3.80GHz (cascadelake)	62.5	GB	Linux
810	2025.05.04 09:57	7.7	44660	ms	31	18	Meta Llama 3.1 8B Instruct	Q4_K - Medium	8000	M	11th Gen Intel Core i7-11700F @ 2.50GHz (rocketlake)	CPU	31.9	GB	11th Gen Intel Core i7-11700F @ 2.50GHz (rocketlake)	31.9	GB	Windows
216	2025.04.04 00:03	9.1	45280	ms	31	18	Meta Llama 3.1 8B Instruct	Q4_K - Medium	8000	M	DO-Premium-Intel (skylake-avx512)	CPU	31.3	GB	DO-Premium-Intel (skylake-avx512)	31.3	GB	Linux
946	2025.05.25 10:51	7.1	47630	ms	30	16	Meta Llama 3.1 8B Instruct	Q4_K - Medium	8000	M	12th Gen Intel Core i7-1280P (alderlake)	CPU	15.3	GB	12th Gen Intel Core i7-1280P (alderlake)	15.3	GB	Linux
897	2025.05.17 11:19	3	49220	ms	29	12	Meta Llama 3.1 8B Instruct	Q4_K - Medium	8000	M	Intel Core i9-9900KF CPU @ 3.60GHz (skylake)	CPU	31.9	GB	Intel Core i9-9900KF CPU @ 3.60GHz (skylake)	31.9	GB	Windows
522	2025.04.07 20:33	7.5	49040	ms	28	16	Meta Llama 3.1 8B Instruct	Q4_K - Medium	8000	M	Intel Core i5-14600K (alderlake)	CPU	63.8	GB	Intel Core i5-14600K (alderlake)	63.8	GB	Windows
1044	2025.06.13 08:49	7.6	49690	ms	28	16	Meta Llama 3.1 8B Instruct	Q4_K - Medium	8000	M	Intel Xeon CPU E5-2630 v3 @ 2.40GHz (haswell)	CPU	62.9	GB	Intel Xeon CPU E5-2630 v3 @ 2.40GHz (haswell)	62.9	GB	Linux
587	2025.04.08 11:18	5.1	56470	ms	25	13	Meta Llama 3.1 8B Instruct	Q4_K - Medium	8000	M	AMD Ryzen 5 7430U with Radeon Graphics (znver3)	CPU	15	GB	AMD Ryzen 5 7430U with Radeon Graphics (znver3)	15	GB	Linux
686	2025.04.10 20:49	1.3	54600	ms	24	8	Meta Llama 3.1 8B Instruct	Q4_K - Medium	8000	M	AMD Opteron(tm) Processor 6378 (bdver2)	CPU	503.8	GB	AMD Opteron(tm) Processor 6378 (bdver2)	503.8	GB	Linux
206	2025.04.03 22:36	9	61340	ms	23	15	Meta Llama 3.1 8B Instruct	Q4_K - Medium	8000	M	DO-Premium-AMD (znver2)	CPU	31.3	GB	DO-Premium-AMD (znver2)	31.3	GB	Linux
912	2025.05.19 04:57	5.5	57040	ms	22	13	Meta Llama 3.1 8B Instruct	Q4_K - Medium	8000	M	AMD Ryzen 5 7535HS with Radeon Graphics (znver3)	CPU	30.1	GB	AMD Ryzen 5 7535HS with Radeon Graphics (znver3)	30.1	GB	Linux
974	2025.06.02 12:36	6	63160	ms	22	13	Meta Llama 3.1 8B Instruct	Q4_K - Medium	8000	M	AMD Ryzen 5 3600 6-Core Processor (znver2)	CPU	31.3	GB	AMD Ryzen 5 3600 6-Core Processor (znver2)	31.3	GB	Linux
540	2025.04.07 22:44	4.3	67890	ms	21	11	Meta Llama 3.1 8B Instruct	Q4_K - Medium	8000	M	AMD Ryzen 7 4700U with Radeon Graphics (znver2)	CPU	15	GB	AMD Ryzen 7 4700U with Radeon Graphics (znver2)	15	GB	Linux
1208	2025.07.11 17:42	6.1	73940	ms	18	11	Meta Llama 3.1 8B Instruct	Q4_K - Medium	8000	M	11th Gen Intel Core i7-1185G7 @ 3.00GHz (tigerlake)	CPU	15.3	GB	11th Gen Intel Core i7-1185G7 @ 3.00GHz (tigerlake)	15.3	GB	Linux
360	2025.04.06 07:25	6.9	76440	ms	18	12	Meta Llama 3.1 8B Instruct	Q4_K - Medium	8000	M	11th Gen Intel Core i7-1185G7 @ 3.00GHz (tigerlake)	CPU	15.7	GB	11th Gen Intel Core i7-1185G7 @ 3.00GHz (tigerlake)	15.7	GB	Windows
1049	2025.06.14 00:53	6.6	92910	ms	15	10	Meta Llama 3.1 8B Instruct	Q4_K - Medium	8000	M	AMD Ryzen 7 4800U with Radeon Graphics (znver2)	CPU	30.3	GB	AMD Ryzen 7 4800U with Radeon Graphics (znver2)	30.3	GB	Linux
458	2025.04.07 03:12	4.8	98340	ms	14	9	Meta Llama 3.1 8B Instruct	Q4_K - Medium	8000	M	Intel Core i5-8500T CPU @ 2.10GHz (skylake)	CPU	31.2	GB	Intel Core i5-8500T CPU @ 2.10GHz (skylake)	31.2	GB	Windows
642	2025.04.09 16:48	3.5	99050	ms	14	8	Meta Llama 3.1 8B Instruct	Q4_K - Medium	8000	M	Intel Core i5-4570 CPU @ 3.20GHz (haswell)	CPU	7.7	GB	Intel Core i5-4570 CPU @ 3.20GHz (haswell)	7.7	GB	Linux
203	2025.04.03 22:03	5.1	105130	ms	14	9	Meta Llama 3.1 8B Instruct	Q4_K - Medium	8000	M	DO-Premium-AMD (znver2)	CPU	7.8	GB	DO-Premium-AMD (znver2)	7.8	GB	Linux
198	2025.04.03 20:14	4.3	106670	ms	13	8	Meta Llama 3.1 8B Instruct	Q4_K - Medium	8000	M	DO-Premium-Intel (skylake-avx512)	CPU	7.8	GB	DO-Premium-Intel (skylake-avx512)	7.8	GB	Linux
826	2025.05.04 15:47	3.7	117860	ms	12	7	Meta Llama 3.1 8B Instruct	Q4_K - Medium	8000	M	Intel Core i7-6770HQ CPU @ 2.60GHz (skylake)	CPU	15.9	GB	Intel Core i7-6770HQ CPU @ 2.60GHz (skylake)	15.9	GB	Windows
1168	2025.07.01 18:04	5.6	116730	ms	11	8	Meta Llama 3.1 8B Instruct	Q4_K - Medium	8000	M	Intel Xeon CPU E5-1620 v4 @ 3.50GHz (broadwell)	CPU	31.9	GB	Intel Xeon CPU E5-1620 v4 @ 3.50GHz (broadwell)	31.9	GB	FreeBSD
837	2025.05.06 16:10	3.5	130259	ms	11	7	Meta Llama 3.1 8B Instruct	Q4_K - Medium	8000	M	11th Gen Intel Core i5-1145G7 @ 2.60GHz (tigerlake)	CPU	15.3	GB	11th Gen Intel Core i5-1145G7 @ 2.60GHz (tigerlake)	15.3	GB	Linux
1033	2025.06.11 16:48	3.7	132500	ms	10	7	Meta Llama 3.1 8B Instruct	Q4_K - Medium	8000	M	11th Gen Intel Core i5-1135G7 @ 2.40GHz (tigerlake)	CPU	15.8	GB	11th Gen Intel Core i5-1135G7 @ 2.40GHz (tigerlake)	15.8	GB	Windows
571	2025.04.08 09:14	4	140590	ms	10	7	Meta Llama 3.1 8B Instruct	Q4_K - Medium	8000	M	11th Gen Intel Core i7-1165G7 @ 2.80GHz (tigerlake)	CPU	31.1	GB	11th Gen Intel Core i7-1165G7 @ 2.80GHz (tigerlake)	31.1	GB	Linux
1215	2025.07.14 09:49	3.1	156940	ms	9	6	Meta Llama 3.1 8B Instruct	Q4_K - Medium	8000	M	Intel Core i5-10310U CPU @ 1.70GHz (skylake)	CPU	30.7	GB	Intel Core i5-10310U CPU @ 1.70GHz (skylake)	30.7	GB	Linux
1203	2025.07.09 11:07	2.2	186150	ms	6	4	Meta Llama 3.1 8B Instruct	Q4_K - Medium	8000	M	13th Gen Intel Core i5-1335U (alderlake)	CPU	63.2	GB	13th Gen Intel Core i5-1335U (alderlake)	63.2	GB	Windows
1165	2025.06.30 22:35	2.2	220700	ms	6	4	Meta Llama 3.1 8B Instruct	Q4_K - Medium	8000	M	Intel Core i7-6600U CPU @ 2.60GHz (skylake)	CPU	15.7	GB	Intel Core i7-6600U CPU @ 2.60GHz (skylake)	15.7	GB	FreeBSD
241	2025.04.04 20:56	1.9	221240	ms	6	4	Meta Llama 3.1 8B Instruct	Q4_K - Medium	8000	M	Raspberry Pi 5 Model B Rev 1.0	CPU	7.9	GB	Raspberry Pi 5 Model B Rev 1.0	7.9	GB	Linux
243	2025.04.04 21:28	1.5	298080	ms	5	3	Meta Llama 3.1 8B Instruct	Q4_K - Medium	8000	M	Intel Core i7-8550U CPU @ 1.80GHz (skylake)	CPU	15.5	GB	Intel Core i7-8550U CPU @ 1.80GHz (skylake)	15.5	GB	Linux
652	2025.04.09 19:50	0.7	1737530	ms	1	1	Meta Llama 3.1 8B Instruct	Q4_K - Medium	8000	M	Intel Pentium CPU G4600 @ 3.60GHz (skylake)	CPU	31	GB	Intel Pentium CPU G4600 @ 3.60GHz (skylake)	31	GB	Linux
